[
  {
    "id": 1,
    "content": "제3조② 영향받는 자는 인공지능의 최종결과 도출에 활용된 주요 기준 및 원리 등에 대하여 기술적ㆍ합리적으로 가능한 범위에서 명확하고 의미 있는 설명을 제공받을 수 있어야 한다."
  },
  {
    "id": 2,
    "content": "제4조① 이 법은 국외에서 이루어진 행위라도 국내 시장 또는 이용자에게 영향을 미치는 경우에는 적용한다."
  },
  {
    "id": 3,
    "content": "제30조③ 인공지능사업자가 고영향 인공지능을 제공하는 경우 사전에 검ㆍ인증등을 받도록 노력하여야 한다."
  },
  {
    "id": 4,
    "content": "제30조④ 국가기관등이 고영향 인공지능을 이용하려는 경우에는 검ㆍ인증등을 받은 인공지능에 기반한 제품 또는 서비스를 우선적으로 고려하여야 한다."
  },
  {
    "id": 5,
    "content": "제31조① 인공지능사업자는 고영향 인공지능이나 생성형 인공지능을 이용한 제품 또는 서비스를 제공하려는 경우 제품 또는 서비스가 해당 인공지능에 기반하여 운용된다는 사실을 이용자에게 사전에 고지하여야 한다."
  },
  {
    "id": 6,
    "content": "제31조② 인공지능사업자는 생성형 인공지능 또는 이를 이용한 제품 또는 서비스를 제공하는 경우 그 결과물이 생성형 인공지능에 의하여 생성되었다는 사실을 표시하여야 한다."
  },
  {
    "id": 7,
    "content": "제31조③ 인공지능사업자는 인공지능시스템을 이용하여 실제와 구분하기 어려운 가상의 음향, 이미지 또는 영상 등의 결과물을 제공하는 경우 해당 결과물이 인공지능시스템에 의하여 생성되었다는 사실을 이용자가 명확하게 인식할 수 있는 방식으로 고지 또는 표시하여야 한다."
  },
  {
    "id": 8,
    "content": "제32조① 인공지능사업자는 학습에 사용된 누적 연산량이 대통령령으로 정하는 기준 이상인 인공지능시스템의 안전성을 확보하기 위하여 다음 각 호의 사항을 이행하여야 한다. 1. 인공지능 수명주기 전반에 걸친 위험의 식별ㆍ평가 및 완화 2. 인공지능 관련 안전사고를 모니터링하고 대응하는 위험관리체계 구축"
  },
  {
    "id": 9,
    "content": "제32조② 인공지능사업자는 제1항 각 호에 따른 사항의 이행 결과를 과학기술정보통신부장관에게 제출하여야 한다."
  },
  {
    "id": 10,
    "content": "제33조① 인공지능사업자는 인공지능 또는 이를 이용한 제품ㆍ서비스를 제공하는 경우 그 인공지능이 고영향 인공지능에 해당하는지에 대하여 사전에 검토하여야 하며, 필요한 경우 과학기술정보통신부장관에게 고영향 인공지능에 해당하는지 여부의 확인을 요청할 수 있다."
  },
  {
    "id": 11,
    "content": "제34조① 인공지능사업자는 고영향 인공지능 또는 이를 이용한 제품ㆍ서비스를 제공하는 경우 고영향 인공지능의 안전성ㆍ신뢰성을 확보하기 위하여 다음 각 호의 내용을 포함하는 조치를 대통령령으로 정하는 바에 따라 이행하여야 한다. 1. 위험관리방안의 수립ㆍ운영 2. 기술적으로 가능한 범위에서의 인공지능이 도출한 최종결과, 인공지능의 최종결과 도출에 활용된 주요 기준, 인공지능의 개발ㆍ활용에 사용된 학습용데이터의 개요 등에 대한 설명 방안의 수립ㆍ시행 3. 이용자 보호 방안의 수립ㆍ운영 4. 고영향 인공지능에 대한 사람의 관리ㆍ감독 5. 안전성ㆍ신뢰성 확보를 위한 조치의 내용을 확인할 수 있는 문서의 작성과 보관 6. 그 밖에 고영향 인공지능의 안전성ㆍ신뢰성 확보를 위하여 위원회에서 심의ㆍ의결된 사항"
  },
  {
    "id": 12,
    "content": "제35조① 인공지능사업자가 고영향 인공지능을 이용한 제품 또는 서비스를 제공하는 경우 사전에 사람의 기본권에 미치는 영향을 평가(이하 “영향평가”라 한다)하기 위하여 노력하여야 한다."
  },
  {
    "id": 13,
    "content": "제35조② 국가기관등이 고영향 인공지능을 이용한 제품 또는 서비스를 이용하려는 경우에는 영향평가를 실시한 제품 또는 서비스를 우선적으로 고려하여야 한다."
  },
  {
    "id": 14,
    "content": "제36조① 국내에 주소 또는 영업소가 없는 인공지능사업자로서 이용자 수, 매출액 등이 대통령령으로 정하는 기준에 해당하는 자는 다음 각 호의 사항을 대리하는 자(이하 “국내대리인”이라 한다)를 서면으로 지정하고, 이를 과학기술정보통신부장관에게 신고하여야 한다."
  },
  {
    "id": 15,
    "content": "제40조③ 과학기술정보통신부장관은 제1항 및 제2항에 따른 조사 결과 인공지능사업자가 이 법을 위반한 사실이 있다고 인정되면 인공지능사업자에게 해당 위반행위의 중지나 시정을 위하여 필요한 조치를 명할 수 있다."
  }
]