[
    {
        "id": 1,
        "content": "第⼀条 この法律は、⼈⼯知能関連技術が我が国の経済社会の発展の基盤となる技術であることに鑑み、⼈⼯知能関連技術の研究開発及び 活⽤の推進に関す る施策について、基本理念並びに⼈⼯知能関連技術の研究開発及び活⽤の推進に関す る基本的な計画の策定その他の施 策の基本となる事項を定めるとともに、⼈⼯知能戦略本部を設置す ることにより、 科学技術・イ ノベーション基本法（平成七年法律第百 三⼗号） 及びデジタル社会形成基本法（令和三年法律第三⼗五号） その他の関係法律による施策と相まっ て、⼈⼯知能関連技術の研究開 発及び活⽤の推進に関す る施策の総合的かつ計画的な推進を図り、もっ て国⺠⽣活の向上及び国⺠経済の健全な発展に寄与す ることを⽬ 的とす る。"
    },
    {
        "id": 2,
        "content": "第⼆条 この法律において、 「⼈⼯知能関連技術」とは、⼈⼯的な⽅法により⼈間の認知、推論及び判断に係る知的な能⼒を代替す る機能 を実現す るために必要な技術並びに⼊⼒された情報を当該技術を利⽤し て処理し、その結果を出⼒す る機能を実現す るための情報処理システムに関す る技術をいう。"
    },
    {
        "id": 3,
        "content": "第三条 ⼈⼯知能関連技術の研究開発及び活⽤の推進は、 科学技術・イ ノベーション基本法第三条 に定める科学技術・イ ノベーション創出 の振興に関す る⽅針及び デジタル社会形成基本法第⼆章 に定める基本理念のほか、この条に定める基本理念に基づいて⾏うものとす る。"
    },
    {
        "id": 4,
        "content": "２ ⼈⼯知能関連技術の研究開発及び活⽤の推進は、⼈⼯知能関連技術が 、その適正かつ効果的な活⽤によっ て⾏政事務及び⺠間の事業活 動の著しい効率化及び⾼度化並びに新産業の創出をもたらすものとし て経済社会の発展の基盤となる技術であるとともに、安全保障の観 点からも重要な技術であることに鑑み、我が国において⼈⼯知能関連技術の研究開発を⾏う能⼒を保持す るとともに、⼈⼯知能関連技術 に関す る産業の国際競争⼒を向上させることを旨とし て、⾏うものとす る。"
    },
    {
        "id": 5,
        "content": "３ ⼈⼯知能関連技術の研究開発及び活⽤の推進は、⼈⼯知能関連技術の基礎研究から国⺠⽣活及び経済活動における活⽤に⾄るまでの各 段階の関係者による取組が相互に密接な関連を有す ることに鑑み、これらの取組を総合的かつ計画的に推進す ることを旨とし て、⾏うも のとす る。"
    },
    {
        "id": 6,
        "content": "４ ⼈⼯知能関連技術の研究開発及び活⽤は、不正な⽬的⼜は不適切な⽅法で⾏われた場合には、犯罪への利⽤、個⼈情報の漏えい、著作 権の侵害その他の国⺠⽣活の平穏及び国⺠の権利利益が害される事態を助⻑す るおそれがあることに鑑み、その適正な実施を図るため、 ⼈⼯知能関連技術の研究開発及び活⽤の過程の透明性の確保その他の必要な施策が講じられなければ ならない。"
    },
    {
        "id": 7,
        "content": "５ ⼈⼯知能関連技術の研究開発及び活⽤は、我が国及び国際社会の平和と発展に寄与す るものとなるよう、国際的協調の下に推進す るこ とを旨とし、我が国が⼈⼯知能関連技術の研究開発及び活⽤に関す る国際協⼒において主導的な役割を果たす よう努めるものとす る。"
    },
    {
        "id": 8,
        "content": "第四条 国は、前条に定める基本理念（以下「基本理念」という。 ）にのっとり、⼈⼯知能関連技術の研究開発及び活⽤の推進に関す る施 策を総合的かつ計画的に策定し、及び実施す る責務を有す る。"
    },
    {
        "id": 9,
        "content": "２ 国は、⾏政事務の効率化及び⾼度化を図るため、国の⾏政機関における⼈⼯知能関連技術の積極的な活⽤を進めるものとす る。"
    },
    {
        "id": 10,
        "content": "第五条 地⽅公共団体は、基本理念にのっとり、⼈⼯知能関連技術の研究開発及び活⽤の推進に関し、国との適切な役割分担の下、地⽅公 共団体が実施す べき施策とし て、その地⽅公共団体の区域の特性を⽣かした⾃主的な施策を策定し、及び実施す る責務を有す る。"
    },
    {
        "id": 11,
        "content": "第六条 ⼤学、科学技術・イ ノベーション創出の活性化に関す る法律（平成⼆⼗年法律第六⼗三号）第⼆条第九項 に規定す る研究開発法⼈ その他の⼈⼯知能関連技術の研究開発を⾏う機関（以下「研究開発機関」という。 ）は、基本理念にのっとり、⼈⼯知能関連技術の研究 開発及びその成果の普及並びに専⾨的かつ幅広い知識を有す る⼈材の育成に積極的に努めるとともに、 第四条 の規定に基づき国が実施す る施策及び 前条の規定に基づき地⽅公共団体が実施す る施策に協⼒す るよう努めるものとす る。"
    },
    {
        "id": 12,
        "content": "２ 国及び地⽅公共団体は、⼈⼯知能関連技術の研究開発及び活⽤の推進に関す る施策で⼤学に係るものを策定し、及び実施す るに当たっ ては、⼤学における研究活動の活性化を図るよう努めるとともに、研究者の⾃主性の尊重その他の⼤学における研究の特性に配慮しなけ ればならない。"
    },
    {
        "id": 13,
        "content": "３ 研究開発機関は、⼈⼯知能関連技術の研究開発を効果的に進めるに当たっ ては、⼈⽂科学及び⾃然科学に関す る多様な分野の知⾒を総 合的に活⽤す ることが必要であることに鑑み、学際的⼜は総合的な研究開発に努めるものとす る。"
    },
    {
        "id": 14,
        "content": "第七条 ⼈⼯知能関連技術を活⽤した製品⼜はサービスの開発⼜は提供をしようとす る者その他の⼈⼯知能関連技術を事業活動において活 ⽤しようとす る者（以下「活⽤事業者」という。 ）は、基本理念にのっとり、⾃ら積極的な⼈⼯知能関連技術の活⽤により事業活動の効 率化及び⾼度化並びに新産業の創出に努めるとともに、 第四条 の規定に基づき国が実施す る施策及び 第五条 の規定に基づき地⽅公共団体 が実施す る施策に協⼒しなければ ならない。"
    },
    {
        "id": 15,
        "content": "第⼋条 国⺠は、基本理念にのっとり、⼈⼯知能関連技術に対す る理解と関⼼を深めるとともに、 第四条 の規定に基づき国が実施す る施策 及び第五条 の規定に基づき地⽅公共団体が実施す る施策に協⼒す るよう努めるものとす る。"
    },
    {
        "id": 16,
        "content": "第九条 国は、国、地⽅公共団体、研究開発機関及び活⽤事業者が相互に連携を図りながら協⼒す ることにより⼈⼯知能関連技術の研究開 発及び活⽤の推進が図られることに鑑み、これらの者の間の連携の強化に必要な施策を講ず るものとす る。"
    },
    {
        "id": 17,
        "content": "第⼗条 国は、⼈⼯知能関連技術の研究開発及び活⽤の推進に関す る施策を実施す るため必要な法制上⼜は財政上の措置その他の措置を講 ずるものとす る。"
    },
    {
        "id": 18,
        "content": "第⼗⼀条 国は、⼈⼯知能関連技術の基礎研究から実⽤化のための研究開発に⾄るまでの⼀貫した研究開発の推進、研究開発機関における 研究開発の成果の移転のための体制の整備、研究開発の成果に係る情報の提供その他の施策を講ず るものとす る。"
    },
    {
        "id": 19,
        "content": "第⼗⼆条 国は、⼈⼯知能関連技術の研究開発及び活⽤に当たっ て必要となる⼤規模な情報処理、情報通信、電磁的記録（電⼦的⽅式、磁 気的⽅式その他⼈の知覚によっ ては認識す ることができない⽅式で作られる記録であっ て、電⼦計算機による情報処理の⽤に供されるも のをいう。 ）の保管等に係る施設及び設備並びにデ ータセット（特定の⽬的をもっ て収集した情報の集合物をいう。 ）その他の知的基盤 （科学技術・イ ノベーション創出の活性化に関す る法律第⼆⼗四条の四 に規定す る知的基盤をいう。以下この条において同じ。 ）を研究 開発機関及び活⽤事業者が広く利⽤できるようにす るため、これらの施設及び設備並びに知的基盤の整備及び共⽤の促進のために必要な 施策を講ず るものとす る。"
    },
    {
        "id": 20,
        "content": "第⼗三条 国は、⼈⼯知能関連技術の研究開発及び活⽤の適正な実施を図るため、国際的な規範の趣旨に即した指針の整備その他の必要な 施策を講ず るものとす る。"
    },
    {
        "id": 21,
        "content": "第⼗四条 国は、地⽅公共団体、研究開発機関及び活⽤事業者と緊密な連携協⼒を図りながら、⼈⼯知能関連技術の基礎研究から国⺠⽣活 及び経済活動における活⽤に⾄るまでの各段階において必要となる専⾨的かつ幅広い知識を有す る多様な分野の⼈材の確保、養成及び資 質の向上に必要な施策を講ず るものとす る。"
    },
    {
        "id": 22,
        "content": "第⼗五条 国は、国⺠が広く⼈⼯知能関連技術に対す る理解と関⼼を深めるよう、⼈⼯知能関連技術に関す る教育及び学習の振興、広報活 動の充実その他の必要な施策を講ず るものとす る。"
    },
    {
        "id": 23,
        "content": "第⼗六条 国は、国内外の⼈⼯知能関連技術の研究開発及び活⽤の動向に関す る情報の収集、不正な⽬的⼜は不適切な⽅法による⼈⼯知能 関連技術の研究開発⼜は活⽤に伴っ て国⺠の権利利益の侵害が⽣じた事案の分析及びそれに基づく対策の検討その他の⼈⼯知能関連技術の研究開発及び活⽤の推進に資す る調査及び研究を⾏い、その結果に基づいて、研究開発機関、活⽤事業者その他の者に対す る指導、助 ⾔、情報の提供その他の必要な措置を講ず るものとす る。"
    },
    {
        "id": 24,
        "content": "第⼗七条 国は、⼈⼯知能関連技術の研究開発及び活⽤に関す る国際協⼒を推進す るとともに、国際的な規範の策定に積極的に参画す るも のとす る。"
    },
    {
        "id": 25,
        "content": "第⼗⼋条 政府は、基本理念にのっとり、 前章に定める基本的施策を踏まえ、⼈⼯知能関連技術の研究開発及び活⽤の推進に関す る基本的 な計画（以下「⼈⼯知能基本計画」という。 ）を定めるものとす る。"
    },
    {
        "id": 26,
        "content": "２ ⼈⼯知能基本計画は、次に掲げ る事項について定めるものとす る。"
    },
    {
        "id": 27,
        "content": "⼀ ⼈⼯知能関連技術の研究開発及び活⽤の推進に関す る施策についての基本的な⽅針"
    },
    {
        "id": 28,
        "content": "⼆ ⼈⼯知能関連技術の研究開発及び活⽤の推進に関し、政府が総合的かつ計画的に講ず べき施策"
    },
    {
        "id": 29,
        "content": "三 前⼆号 に掲げ るもののほか、⼈⼯知能関連技術の研究開発及び活⽤の推進に関す る施策を政府が総合的かつ計画的に推進す るために 必要な事項"
    },
    {
        "id": 30,
        "content": "３ 内閣総理⼤⾂は、⼈⼯知能戦略本部の作成した⼈⼯知能基本計画の案について閣議の決定を求めるものとす る。"
    },
    {
        "id": 31,
        "content": "４ 内閣総理⼤⾂は、 前項の閣議の決定があったときは、遅滞なく、⼈⼯知能基本計画を公表す るものとす る。"
    },
    {
        "id": 32,
        "content": "５ 前⼆項 の規定は、⼈⼯知能基本計画の変更について準⽤す る。"
    },
    {
        "id": 33,
        "content": "第⼗九条 ⼈⼯知能関連技術の研究開発及び活⽤の推進に関す る施策を総合的かつ計画的に推進す るため、内閣に、⼈⼯知能戦略本部（以 下「本部」という。 ）を置く。"
    },
    {
        "id": 34,
        "content": "第⼆⼗条 本部は、次に掲げ る事務をつかさど る。"
    },
    {
        "id": 35,
        "content": "⼀ ⼈⼯知能基本計画の案の作成及び実施の推進に関す ること。"
    },
    {
        "id": 36,
        "content": "⼆ 前号に掲げ るもののほか、⼈⼯知能関連技術の研究開発及び活⽤の推進に関す る施策で重要なものの企画及び⽴案並びに総合調整に 関すること。"
    },
    {
        "id": 37,
        "content": "第⼆⼗⼀条 本部は、⼈⼯知能戦略本部⻑、⼈⼯知能戦略副本部⻑及び⼈⼯知能戦略本部員をもっ て組織す る。"
    },
    {
        "id": 38,
        "content": "第⼆⼗⼆条 本部の⻑は、⼈⼯知能戦略本部⻑（以下「本部⻑」という。 ）とし、内閣総理⼤⾂をもっ て充てる。"
    },
    {
        "id": 39,
        "content": "２ 本部⻑は、本部の事務を総括し、所部の職員を指揮監督す る。"
    },
    {
        "id": 40,
        "content": "第⼆⼗三条 本部に、⼈⼯知能戦略副本部⻑（ 次項及び次条第⼆項 において「副本部⻑」という。 ）を置き、内閣官房⻑官及び⼈⼯知能戦 略担当⼤⾂（内閣総理⼤⾂の命を受けて、⼈⼯知能関連技術の研究開発及び活⽤の総合的かつ計画的な推進に関し内閣総理⼤⾂を助ける ことをその職務とす る国務⼤⾂をいう。 ）をもっ て充てる。"
    },
    {
        "id": 41,
        "content": "２ 副本部⻑は、本部⻑の職務を助ける。"
    },
    {
        "id": 42,
        "content": "第⼆⼗四条 本部に、⼈⼯知能戦略本部員（ 次項において「本部員」という。 ）を置く。 ２ 本部員は、本部⻑及び副本部⻑以外の全ての国務⼤⾂をもっ て充てる。"
    },
    {
        "id": 43,
        "content": "第⼆⼗五条 本部は、その所掌事務を遂⾏す るため必要があると認めるときは、関係⾏政機関、地⽅公共団体、独⽴⾏政法⼈（ 独⽴⾏政法 ⼈通則法（平成⼗⼀年法律第百三号）第⼆条第⼀項 に規定す る独⽴⾏政法⼈をいう。 ）及び地⽅独⽴⾏政法⼈（ 地⽅独⽴⾏政法⼈法（平 成⼗五年法律第百⼗⼋号）第⼆条第⼀項 に規定す る地⽅独⽴⾏政法⼈をいう。 ）の⻑並びに特殊法⼈（法律により直接に設⽴された法⼈ ⼜は特別の法律により特別の設⽴⾏為をもっ て設⽴された法⼈であっ て、総務省設置法（平成⼗⼀年法律第九⼗⼀号）第四条第⼀項第⼋ 号の規定の適⽤を受けるものをいう。 ）の代表者に対し て、資料の提出、意⾒の表明、説明その他必要な協⼒を求めることができる。"
    },
    {
        "id": 44,
        "content": "２ 本部は、その所掌事務を遂⾏す るために特に必要があると認めるときは、 前項に規定す る者以外の者に対し ても、必要な協⼒を依頼す ることができる。"
    },
    {
        "id": 45,
        "content": "第⼆⼗六条 本部に関す る事務は、内閣府において処理す る。"
    },
    {
        "id": 46,
        "content": "第⼆⼗七条 本部に係る事項については、 内閣法（昭和⼆⼗⼆年法律第五号） にいう主任の⼤⾂は、内閣総理⼤⾂とす る。"
    },
    {
        "id": 47,
        "content": "第⼆⼗⼋条 この法律に定めるもののほか、本部に関し必要な事項は、政令で定める。"
    }
]